"S1","Logitech","M500","144g","14","45","Filaire","1","Lorem ipsum dolor sit amet, consectetur adipiscing elit, sed qui officia deserunt mollit anim id est laborum.","images/Produits/souris-s1.png"
"S2","Microsoft","Classic Intellimouse","103g","20","20","Filaire","1","Lorem sit amet, consectetur adipiscing elit, sed qui officia deserunt mollit anim id est laborum.","images/Produits/souris-s2.png"
"S3","Razer","DeathAdder Elite","105g","2","50","Filaire","1","Lorem ipsum hand fe elit, sed qui officia deserunt mollit anim id est laborum.","images/Produits/souris-s3.png"
"S4","SteelSeries","Rival 310","88g","3","70","Filaire","1","Lorem ipsum dolor sit amet, consectetur adipiscing elit, sed qui officia deinst laborum.","images/Produits/souris-s4.png"
"S5","Corsair","Harpoon RGB","85g","12","30","Filaire","1","Lorem ipsum dor, consectetur adipiscing elit, sed qui officia deserunt mollit anim id est laborum.","images/Produits/souris-s5.png"
"S6","Logitech","MX Master 3","141g","22","140","Sans-fil","1","Lorem ipsum dolor sit amet, consectetur adipiscing elit, tenz hert sed qui officia deserunt mollit anim id est laborum.","images/Produits/souris-s6.png"
"S7","Apple","Magic Mouse 2","99g","17","110","Sans-fil","1","Lorem ipsum dolor sit amet, consectetur adipiscing elit, sed qui officia deserunt mollit anim id est laborum.","images/Produits/souris-s7.png"
"S8","Microsoft","Surface Precision Mouse","135g","14","100","Sans-fil","1","Lorem ipsum dolor sit amet.","images/Produits/souris-s8.png"
"S9","HP","X4000b Bluetooth Mouse","122g","6","18","Sans-fil","1","Lorem ipsum.","images/Produits/souris-s9.png"
"S10","Lenovo","500 Wireless Mouse","100g","1","35","Sans-fil","1","Lorem ipsum gert giga dolor sit amet, consectetur adipiscing elit, sed qui officia deserunt mollit anim id est laborum.","images/Produits/souris-s10.png"
"S11","Logitech","G502 HERO","121g","15","100","Gaming","1","Lorem ipsum tusk raiden dolor sit amet, consectetur adipiscing elit, sed qui officia deserunt mollit anim id est laborum.","images/Produits/souris-s11.png"
"S12","Razer","Basilisk Ultimate","107g","8","169","Gaming","1","Lorem ipsum dolor sit amet eines sind, consectetur adipiscing elit, sed qui officia deserunt mollit anim id est laborum.","images/Produits/souris-s12.png"
"S13","SteelSeries","Sensei 310","92g","20","70","Gaming","1","Lorem ipsum dolor sit amet for tour, sed qui officia deserunt mollit anim id est laborum.","images/Produits/souris-s13.png"
"S14","Corsair","Scimitar RGB Elite","122g","16","90","Gaming","1","Lorem ipsum dolore sitte amet, consectetur adipiscing elit, sed qui officia deserunt mollit anim id est laborum.","images/Produits/souris-s14.png"
"S15","ROCCAT","Kone AIMO","130g","19","110","Gaming","1","Lorem ipsum dolor sit amet, consectetur adipiscing elit, sed.","images/Produits/souris-s15.png"
"S16","Anker","Vertical Ergonomic Mouse","92g","5","25","Ergonomique","1","Lorem ipsum dolor sit ametuit officiara deserunt mollit anim id est laborum.","images/Produits/souris-s16.png"
"S17","Microsoft","Sculpt Ergonomic Mouse","155g","9","60","Ergonomique","1","Lorem ipsum dolor sit amet, consectetur adipiscing elit, lorem sed qui officia deserunt mollit anim id est laborum.","images/Produits/souris-s17.png"
"S18","Logitech","MX Vertical","135g","11","140","Ergonomique","1","Lorem ipsum dolor sit amet, consectetur ipsum adipiscing elit, sed qui officia deserunt mollit anim id est laborum.","images/Produits/souris-s18.png"
"S19","Evoluent","VerticalMouse 4","195g","2","90","Ergonomique","0","Lorem ipsum dolor sit amet, consectetur adipiscing elit, sed qui officia rare turk anim id est laborum.","images/Produits/souris-s19.png"
"S20","Handshoe","Mouse","190g","13","146","Ergonomique","1","Lorem ipsum sind make amet, consectetur adipiscing elit, sed qui officia deserunt mollit anim id est laborum.","images/Produits/souris-s20.png"